{"cameraMode":{"drawMode":0,"name":"Shaded","section":"Shading Mode"},"sceneLighting":true,"audioPlay":false,"sceneViewState":{"m_AlwaysRefresh":true,"showFog":true,"showSkybox":true,"showFlares":true,"showImageEffects":true,"showParticleSystems":true,"showVisualEffectGraphs":true,"m_FxEnabled":true},"in2DMode":false,"pivot":{"x":0.9118518829345703,"y":1.5857057571411133,"z":1.8406609296798707},"rotation":{"x":0.2827775478363037,"y":0.42539307475090029,"z":-0.1418680101633072,"w":0.8479171395301819},"size":7.926199913024902,"orthographic":false}