{"cameraMode":{"drawMode":0,"name":"Shaded","section":"Shading Mode"},"sceneLighting":false,"audioPlay":false,"sceneViewState":{"m_AlwaysRefresh":true,"showFog":true,"showSkybox":false,"showFlares":true,"showImageEffects":true,"showParticleSystems":true,"showVisualEffectGraphs":true,"m_FxEnabled":true},"in2DMode":false,"pivot":{"x":0.0299990177154541,"y":0.9657856225967407,"z":3.080000638961792},"rotation":{"x":0.14594848453998567,"y":-0.5253078937530518,"z":0.0920112207531929,"w":0.8332439064979553},"size":0.6457007527351379,"orthographic":false}